"DESCRIPTION","DURATION IN MS","NAME","PARENT SUITE","START TIME","STATUS","STOP TIME","SUB SUITE","SUITE","TEST CLASS","TEST METHOD"
"","0","Check displaying of empty courses list","LMS system","Tue Sep 29 13:14:01 UTC 2026","broken","Tue Sep 29 13:14:01 UTC 2026","Courses","Courses","",""
"","0","Create course","LMS system","Tue Sep 29 13:14:02 UTC 2026","broken","Tue Sep 29 13:14:02 UTC 2026","Courses","Courses","",""
"","2675","User login with correct email and password","LMS system","Tue Sep 29 13:13:58 UTC 2026","passed","Tue Sep 29 13:14:01 UTC 2026","Authorization","Authentication","",""
"","1060","Navigation from login page to registration page","LMS system","Tue Sep 29 13:14:02 UTC 2026","passed","Tue Sep 29 13:14:03 UTC 2026","Authorization","Authentication","",""
"","0","Check displaying of dashboard page","LMS system","Tue Sep 29 13:14:02 UTC 2026","broken","Tue Sep 29 13:14:02 UTC 2026","Dashboard","Dashboard","",""
"","1433","User login with wrong email or password","LMS system","Tue Sep 29 13:13:47 UTC 2026","passed","Tue Sep 29 13:13:48 UTC 2026","Authorization","Authentication","",""
"","0","Check displaying of empty courses list","LMS system","Tue Sep 29 13:14:01 UTC 2026","broken","Tue Sep 29 13:14:01 UTC 2026","Courses","Courses","",""
"","1457","User login with wrong email or password","LMS system","Tue Sep 29 13:13:44 UTC 2026","passed","Tue Sep 29 13:13:46 UTC 2026","Authorization","Authentication","",""
"","0","test_critical_login","tests.pytest","Tue Sep 29 13:14:03 UTC 2026","passed","Tue Sep 29 13:14:03 UTC 2026","","test_markers","",""
"","0","Check displaying of dashboard page","LMS system","Tue Sep 29 13:14:02 UTC 2026","broken","Tue Sep 29 13:14:02 UTC 2026","Dashboard","Dashboard","",""
"","1358","User login with wrong email or password","LMS system","Tue Sep 29 13:13:39 UTC 2026","passed","Tue Sep 29 13:13:40 UTC 2026","Authorization","Authentication","",""
"","1835","User login with wrong email or password","LMS system","Tue Sep 29 13:13:41 UTC 2026","passed","Tue Sep 29 13:13:43 UTC 2026","Authorization","Authentication","",""
"","0","test_forgot_password_link","tests.pytest","Tue Sep 29 13:14:03 UTC 2026","passed","Tue Sep 29 13:14:03 UTC 2026","TestUserInterface","test_markers","",""
"","1108","User login with wrong email or password","LMS system","Tue Sep 29 13:13:42 UTC 2026","passed","Tue Sep 29 13:13:43 UTC 2026","Authorization","Authentication","",""
"","1516","Registration with correct email, username and password","LMS system","Tue Sep 29 13:13:52 UTC 2026","passed","Tue Sep 29 13:13:54 UTC 2026","Registration","Authentication","",""
"","5000","User login with correct email and password","LMS system","Tue Sep 29 13:13:51 UTC 2026","passed","Tue Sep 29 13:13:56 UTC 2026","Authorization","Authentication","",""
"","0","Edit course","LMS system","Tue Sep 29 13:14:02 UTC 2026","broken","Tue Sep 29 13:14:02 UTC 2026","Courses","Courses","",""
"","0","Create course","LMS system","Tue Sep 29 13:14:01 UTC 2026","broken","Tue Sep 29 13:14:01 UTC 2026","Courses","Courses","",""
"","0","Edit course","LMS system","Tue Sep 29 13:14:02 UTC 2026","broken","Tue Sep 29 13:14:02 UTC 2026","Courses","Courses","",""
"","0","test_login","tests.pytest","Tue Sep 29 13:14:03 UTC 2026","passed","Tue Sep 29 13:14:03 UTC 2026","TestUserAuthentication","test_markers","",""
"","1406","Registration with correct email, username and password","LMS system","Tue Sep 29 13:13:54 UTC 2026","passed","Tue Sep 29 13:13:56 UTC 2026","Registration","Authentication","",""
"","0","Check displaying of empty courses list","LMS system","Tue Sep 29 13:14:01 UTC 2026","broken","Tue Sep 29 13:14:01 UTC 2026","Courses","Courses","",""
"","0","Edit course","LMS system","Tue Sep 29 13:14:02 UTC 2026","broken","Tue Sep 29 13:14:02 UTC 2026","Courses","Courses","",""
"","2424","User login with correct email and password","LMS system","Tue Sep 29 13:13:48 UTC 2026","passed","Tue Sep 29 13:13:51 UTC 2026","Authorization","Authentication","",""
"","0","test_logout","tests.pytest","Tue Sep 29 13:14:03 UTC 2026","passed","Tue Sep 29 13:14:03 UTC 2026","TestUserAuthentication","test_markers","",""
"","1288","User login with wrong email or password","LMS system","Tue Sep 29 13:13:44 UTC 2026","passed","Tue Sep 29 13:13:45 UTC 2026","Authorization","Authentication","",""
"","983","Navigation from login page to registration page","LMS system","Tue Sep 29 13:14:03 UTC 2026","passed","Tue Sep 29 13:14:04 UTC 2026","Authorization","Authentication","",""
"","0","Check displaying of dashboard page","LMS system","Tue Sep 29 13:14:02 UTC 2026","broken","Tue Sep 29 13:14:02 UTC 2026","Dashboard","Dashboard","",""
"","0","test_password_reset","tests.pytest","Tue Sep 29 13:14:03 UTC 2026","passed","Tue Sep 29 13:14:03 UTC 2026","TestUserAuthentication","test_markers","",""
"","0","Create course","LMS system","Tue Sep 29 13:14:02 UTC 2026","broken","Tue Sep 29 13:14:02 UTC 2026","Courses","Courses","",""
"","1462","User login with wrong email or password","LMS system","Tue Sep 29 13:13:40 UTC 2026","passed","Tue Sep 29 13:13:42 UTC 2026","Authorization","Authentication","",""
"","1543","User login with wrong email or password","LMS system","Tue Sep 29 13:13:46 UTC 2026","passed","Tue Sep 29 13:13:48 UTC 2026","Authorization","Authentication","",""
"","0","test_regression_case","tests.pytest","Tue Sep 29 13:14:03 UTC 2026","passed","Tue Sep 29 13:14:03 UTC 2026","","test_markers","",""
"","2108","Registration with correct email, username and password","LMS system","Tue Sep 29 13:13:58 UTC 2026","passed","Tue Sep 29 13:14:00 UTC 2026","Registration","Authentication","",""
"","1197","User login with wrong email or password","LMS system","Tue Sep 29 13:13:39 UTC 2026","passed","Tue Sep 29 13:13:41 UTC 2026","Authorization","Authentication","",""
"","1544","Navigation from login page to registration page","LMS system","Tue Sep 29 13:13:50 UTC 2026","passed","Tue Sep 29 13:13:52 UTC 2026","Authorization","Authentication","",""
